property_description,id,owner,listing_type,date,price,no_of_reviews,neighbourhood,latitude,longitude
Orchard Road Cosy Apartment,8277838,Ong,Home,10/7/23,110,12,River Valley,1.29763,103.83921
One of a kind Penthouse in Novena by Homes SG,20126837,Homes Sg,Not Home,15/8/23,251,64,Novena,1.32401,103.84902
2BR perfect for work and leisure,2532366,Quinn,Home,7/8/23,250,23,Outram,1.28674,103.84073
Peaceful Haven in Central Location,8061522,Reon,Home,7/1/23,240,23,Tanglin,1.31579,103.83026
Cozy condo Singapore City Centre min 3 months stay,12702541,Patro,Home,12/8/23,240,26,Rochor,1.30216,103.84699
„ÄêCITY„ÄëLuxury Condo 1 min walk to TanJong Pagar MRT,23801615,Lia,Home,16/8/23,266,29,Outram,1.27637,103.84355
Super Big Master room,7523671,Jay,Not Home,9/2/23,256,96,Downtown Core,1.27377,103.84523
Super Big Penthouse - Master room S2-3,8909347,Jay,Not Home,27/5/23,256,53,Downtown Core,1.27396,103.84523
Entire Home in the Heart of City,5889741,Y,Home,22/8/23,257,235,Rochor,1.30086,103.85439
Ocean view  Master Room in Penthouse,7537301,Jay,Not Home,14/7/23,169,37,Downtown Core,1.27843,103.84614
Penthouse Master Room,7537692,Jay,Not Home,3/8/23,169,32,Outram,1.27829,103.84485
Penthouse Master Room S2-5,8909442,Jay,Not Home,4/6/23,169,25,Downtown Core,1.27429,103.84519
Raffles Master Room,7536368,Jay,Not Home,1/5/23,160,11,Downtown Core,1.274,103.84603
Common Room,7537485,Jay,Not Home,21/7/23,150,30,Downtown Core,1.2745,103.84656
Spacious double room + private bath in town CBD,6826957,Michael,Not Home,28/7/23,125,74,Singapore River,1.28777,103.84907
Cozy & Stylish City Apartment (Suite IV),12372365,Mike,Home,24/8/23,93,20,Novena,1.31629,103.84463
2-Bedroom Apartment - Tanjong Pagar,9549885,Uncharted Homes,Home,20/8/23,260,11,Downtown Core,1.27323,103.84563
Orchard studio-looking for long term lease only,23625923,Amy,Home,11/8/23,131,14,River Valley,1.29867,103.8326
YOUSHOULDSTAYHERE-3BR-MT E hospital,6206621,Apollo,Home,8/12/23,300,26,Novena,1.32734,103.84433
Marina Bay Iconic Luxury 1-Bed Apt,8508225,Sam,Home,31/7/23,250,32,Downtown Core,1.28051,103.85327
(Central-Novena) Semi-Detached House Near Subway,7311328,Chi Siang,Home,20/9/23,219,142,Novena,1.31898,103.84614
3 Bedroom @ River Valley SG,30297882,Aaron,Home,15/7/23,258,14,River Valley,1.29593,103.83641
LARGE Not Home NEAR THE ORCHARD CITY CENTRE,9567575,Sara,Not Home,11/8/23,65,61,Orchard,1.30471,103.82582
Modern 3 bedroom flat in orchard shopping mall,26633522,Sunny,Home,16/8/23,201,11,River Valley,1.2984,103.84121
Central Business Studio Apartment Balcony Seaview,25034490,Yan,Home,11/7/23,181,23,Downtown Core,1.27869,103.84986
3 BedRoom Near Toa Payoh MRT 1,8541582,Aaron,Home,11/7/23,268,23,Novena,1.3285,103.84524
"SGCT26-3: Up Chinatown MRT,WIFI,Aircon",4969304,MyCity,Not Home,1/7/23,58,168,Outram,1.28361,103.84276
Heritage Apartment Room near Orchard,395231,Adi,Not Home,13/8/23,56,27,River Valley,1.29345,103.83562
Luxurious Penthouse In City Centre 1,13809823,Jenny,Not Home,11/8/23,167,23,Tanglin,1.293,103.82962
City Ctr_RiverValley/GreatWorldCity,4271250,YongXing9688,Home,28/2/23,160,230,Tanglin,1.29377,103.82844
Superhost¬†1BR APT in the¬†heart of Tg Pagar,20672785,Jay,Home,3/8/23,147,16,Downtown Core,1.27481,103.84522
Leisure¬†Studio APT¬†5 mins from Tg Pagar MRT,16701352,Jay,Home,22/6/23,144,34,Downtown Core,1.2735,103.84527
‚ú™‚ú™‚ú™3BR Luxury Near Town & Novena (ga),5282397,Alvin,Home,30/7/23,300,42,Novena,1.32611,103.84476
Cozy 1-Bedroom Apartment,9552806,Jen,Home,23/3/23,152,28,Tanglin,1.29422,103.82911
Modern 1bedroom at Superb Location Near Orchard,8133710,Charlene,Home,13/5/23,131,33,River Valley,1.29666,103.83975
Giffard Mansion,20539655,Willie,Not Home,13/8/23,39,20,Novena,1.32483,103.84826
Lovely 3BR Apt in the Heart of Orchard Road,21670282,Kay,Home,25/6/23,525,23,Orchard,1.30392,103.83412
Breezy High floor 3BR Premium Condo next to MRT,33963330,Donald,Home,1/2/23,418,13,Downtown Core,1.28957,103.86431
3BR Urban Living in Orchard,20157156,Kay,Home,8/7/23,460,22,Orchard,1.3003,103.8428
Best Location! 3BR Loft _Vintage & Modern/Near MRT,23349081,Kenneth,Home,9/8/23,224,133,Downtown Core,1.29704,103.8564
3BR Family Apartment at Clarke Quay,20503734,Angie,Home,26/8/23,440,13,Singapore River,1.28927,103.84239
Superhost 2BR APT 3 mins from Tg Pagar MRT,23380133,Jay,Home,3/8/23,188,41,Downtown Core,1.27497,103.8452
Luxury marina view 2BR NEXT to MRT Free pick up,25044333,Kiwi Sg Home,Home,10/8/23,368,37,Downtown Core,1.29779,103.85723
Elegant 3BR Apartment @ Robertson Quay,21044510,Angie,Home,16/8/23,419,23,Singapore River,1.29167,103.84084
‚ùÄ‚ùÄ‚ùÄ3BR Spacious Condo @ near novena (ga),4008569,Alvin,Home,5/2/23,358,32,Novena,1.32772,103.85239
‚ùÄ‚ùÄ‚ùÄ3BR Amazing Near Shoppin mall zhongshan (ga),7628503,Alvin,Home,1/8/23,358,11,Novena,1.32795,103.84354
Cosy room with private entrance close to town,22979223,Lesley,Not Home,2/8/23,78,26,Novena,1.31972,103.84568
3BR (For 5)Apt Orchard/Stevens/UNESCO *MRT* Sui,1210268,Catherine,Home,5/8/23,319,42,Tanglin,1.31693,103.82636
Charming Studio at River Valley,8393043,Alex,Home,25/1/23,110,32,River Valley,1.29488,103.8392
Comfy 2BR Apartment in the Heart of Orchard Road,23595827,Kay,Home,23/8/23,372,16,Orchard,1.30438,103.83383
‚ùÄ‚ùÄ‚ùÄ3BR near town and shopping mall,5095636,Alvin,Home,16/7/23,300,25,Novena,1.31977,103.85305
Contemporary 2BR apartment in Orchard,23555523,Kay,Home,24/8/23,350,29,River Valley,1.29882,103.84144
Experience Clarke Quay - 2BR Apartment,23369423,Angie,Home,12/8/23,344,12,Outram,1.28708,103.84296
Delightful 2BR Family Apartment at Clarke Quay,20237941,Angie,Home,13/8/23,344,11,Singapore River,1.28891,103.84395
"Not Home Club St, awesome view!",3212083,Bill,Not Home,15/4/23,200,23,Outram,1.28216,103.84714
‚ú™‚ú™2BR Amazing City View (zsm),5607234,Alvin,Home,16/8/23,250,12,Novena,1.32568,103.85009
Charming 2-Bedroom Apartment @ Robertson Quay,23645713,Angie,Home,12/8/23,398,20,Singapore River,1.2907,103.84165
2BR (For 4) Apt Orchard/Stevens/UNESCO *MRT* B,4026239,Catherine,Home,25/8/23,339,29,Tanglin,1.31539,103.82586
Two Bedroom Apartment - Oakwood Premier,23950615,Oakwood Premier OUE Singapore,Home,22/7/23,581,11,Downtown Core,1.27566,103.84936
Singapore Private Mini Room!,2085130,David,Not Home,20/8/23,461,11,Novena,1.32347,103.85213
Modern Apartment near Clarke Quay and Orchard road,21631361,JaneÁèçÁèç,Home,7/8/23,336,14,Tanglin,1.29248,103.83112
Best location! Cosy & spacious Apt near  bugis MRT,28570820,Kenneth,Home,23/2/23,193,51,Downtown Core,1.29688,103.85562
City View Brand New Modern 2BR + Loft near MRT,33488331,Donald,Home,21/4/23,337,20,Downtown Core,1.29806,103.85851
2BR (For 3) Apt Orchard/Stevens/UNESCO *MRT* A,1233239,Catherine,Home,26/7/23,240,29,Tanglin,1.31507,103.82704
2BR (For 3) Apt Orchard/Stevens/UNESCO *MRT* A,4450681,Catherine,Home,11/8/23,240,15,Tanglin,1.31652,103.82739
Rare Twin Studios /2rm @MarinaBaySG,8721639,Betty,Home,27/4/23,408,23,Downtown Core,1.28039,103.85233
Prime Loft Apt in the heart of Orchard Road,20084815,Kay,Home,4/8/23,260,12,Orchard,1.30399,103.83351
"Modern, Loft Living in Art Deco Shophouse - CBD",27562336,Your Community Host,Home,3/10/23,260,15,Singapore River,1.28714,103.84628
Cosy Room with Workstation & WiFi,5112393,Jasmine,Not Home,11/3/23,69,16,Tanglin,1.29611,103.82991
"Contemporary, Modern 2 Bedroom w/ Balcony - CBD",27559234,Your Community Host,Home,12/8/23,240,14,Singapore River,1.28791,103.84602
2 Bedroom @ Bugis Central BS,29163836,Aaron,Home,15/8/23,200,13,Rochor,1.30288,103.85179
‚ú™1BR Nice view Near Novena Sky (LT),14548711,Alvin,Home,30/4/23,139,36,Novena,1.32692,103.84802
Heritage town house near Orchard,30835401,Sunny,Home,10/8/23,687,23,Rochor,1.30194,103.8475
„Äê‚ù§HOT DEAL!„ÄëBerra Suite@CityCenter„ÄêMarina Bay„Äë,36099111,Be My Home,Home,26/8/23,437,11,Downtown Core,1.28135,103.8533
1 Bedroom @ M -  Central 8M8,10023927,Aaron,Home,4/8/23,131,11,Rochor,1.30584,103.84986
TWO BEDS STUDIO IN CBDÂÖãÊãâÁ†ÅÂ§¥ÂèåÂ∫ä,10748142,Peter,Home,5/8/23,256,31,Singapore River,1.28868,103.84704
4br Orchard Propinquity next to MRT,5646028,Ben,Home,10/8/23,628,14,Orchard,1.30372,103.83478
The Center of Singapore; China Town,10013630,Gordon,Home,12/8/23,411,97,Outram,1.28464,103.84629
Exclusive 4 BR Penthouse with Views,888236,Linton,Home,16/12/23,243,14,Novena,1.31314,103.84081
Contemporary Spacious Home in City Centre,25044951,Kiwi Sg Home,Home,23/7/23,600,38,Rochor,1.30186,103.84978
Studio Apartment - Oakwood Premier,26925552,Oakwood Premier OUE Singapore,Home,7/8/23,300,11,Downtown Core,1.27707,103.84808
‚ùÄ‚ùÄ2BR City View Cosy @ Balestier (MZ1),4123908,Alvin,Home,5/8/23,247,26,Novena,1.32419,103.85284
City Hall  Loft,8038239,Heritage Apartments,Home,8/8/23,177,101,Downtown Core,1.29628,103.85365
Apartment in the heart of Singapore,21015880,Jan,Home,26/8/23,177,16,Rochor,1.29923,103.85207
Cecil Street Premium Loft Apartment,21314866,Heritage Apartments,Home,22/8/23,177,14,Downtown Core,1.28103,103.84884
4br Luxury Heart of Orchard Next to MRT,23632208,Ben,Home,23/8/23,581,21,Orchard,1.30495,103.83279
Ann Siang Stylish Two Bedroom Apartment,23723333,Heritage Apartments,Home,31/3/23,160,23,Downtown Core,1.28021,103.84599
"Entire 5 bedroom Apartment near MRT, Little India, Bugis, Orchard!",27778266,Su Moy,Home,25/7/23,550,11,Rochor,1.30401,103.85024
Modern apartment in Robertson Quay,6697057,Gema,Home,12/8/23,137,27,Singapore River,1.29209,103.84109
"Stylish Studio, Large Roof Terrace in Heart of CBD",27562323,Your Community Host,Home,4/5/23,181,23,Singapore River,1.28799,103.84626
Open Concept Studio (Opposite Chinatown MRT),6238568,Shirley,Home,13/3/23,106,22,Outram,1.28563,103.845
‚ú™1BR CITY VIEW BED ROOM  (T),14423793,Alvin,Home,11/8/23,150,12,Novena,1.32556,103.85404
Tanjong Pagar Studio Premium Apartment,23231081,Heritage Apartments,Home,12/8/23,150,14,Downtown Core,1.27925,103.84548
1 bdrm Aptmt Orchard/Stevens/UNESCO Area #1,1229614,Catherine,Home,27/7/23,149,29,Tanglin,1.31503,103.82614
GREAT City View 2200sft Apartment @ CBD Chinatown,28748709,Regina & Co.,Home,10/8/23,519,55,Outram,1.28625,103.84409
*Charming & Spacious* Apartment in Clarke Quay,29494102,Katherine,Home,12/5/23,340,44,Singapore River,1.29021,103.84489
Studio Apartment near UNESCO Site/Orchard #38,4979889,Catherine,Home,30/7/23,144,23,Tanglin,1.31671,103.82831
Studio Apartment near UNESCO Site/Orchard #48,23673101,Catherine,Home,24/7/23,144,23,Tanglin,1.31565,103.82842
Beautiful 2 Bedr. apart next to MRT,7323075,Cintia,Home,10/7/23,200,46,Novena,1.32214,103.84917
Lovely New 2Br @ 2 MRT Novena Newton Orchard BEST,14376831,John,Home,10/7/23,250,35,Novena,1.3159,103.84241
Luxury living in Robertson Quay,10638481,Lisa,Home,22/8/23,160,11,River Valley,1.29423,103.84141
‚ú™1BR @ Town walking distance to Bugis,5235270,Alvin,Home,12/8/23,137,23,Rochor,1.30163,103.84839
Boat Quay Studio Single Apartment,23315012,Heritage Apartments,Home,13/5/23,135,23,Singapore River,1.28872,103.84847
‚ô•‚ô•2BR Spacious & Comfy Apartment @ Kim keat (BL4),7085521,Darcy,Home,23/7/23,235,12,Novena,1.32618,103.85394
Super Bay view Entire 4BR 1Min MRTË∂ÖÁ∫ßÈáëÊ≤ôÊôØ4ÂçßÂÆ§ËøëÂú∞ÈìÅÂåÖÊé•ÈÄÅÊú∫,31582998,Lily,Home,23/7/23,458,25,Downtown Core,1.27793,103.85221
Beautiful Apartment above MRT in Chinatown #37,6523372,Win,Home,14/7/23,304,115,Outram,1.28107,103.84132
Bright & Beautiful 2 Bedroom Apt above MRT #04,10367479,Win,Home,13/7/23,300,76,Outram,1.28073,103.84085
Premium 2 Bedroom Apt in Chinatown above MRT #03,12394037,Win,Home,2/1/23,300,95,Outram,1.28107,103.84063
Orchard Luxury Stylish Resort 3 Bedroom.,14211027,Prash & Niko,Home,16/8/23,450,46,Tanglin,1.29597,103.82883
Luxury 2 BR Home above MRT in Chinatown #37 (Â∏ÇÂå∫ÂÖ¨ÂØì),20621511,Mich,Home,7/8/23,300,23,Outram,1.28125,103.83975
Luxury 2 BR Home above MRT in Chinatown #31 (Â∏ÇÂå∫ÂÖ¨ÂØì),20805123,Mich,Home,3/7/23,300,23,Outram,1.27931,103.84022
cozy and huge 4BR apartment in town near MRT ÂõûÂøÜÂÆ¢Ê†à,32023930,Moon&Kim,Home,28/6/23,450,16,Rochor,1.31041,103.85322
2BR Family Suite near Marina Bay /Chinatown,23883137,Amelia,Home,2/8/23,300,30,Outram,1.28324,103.84644
Premium Studio 2 Mins Walk To Orchard (300 sqft),23675202,Abegail,Home,31/3/23,149,12,River Valley,1.29896,103.83643
Convenient City Centre 2BR Apartment above MRT #31,9097877,Win,Home,23/3/23,286,113,Outram,1.28362,103.84604
Singapore Room for Rent!,2142826,David,Not Home,4/8/23,281,21,Novena,1.32423,103.85293
„Äê‚ù§TOP PICK!„ÄëAltus Suite@City Center„ÄêMarina Bay„Äë,33705160,Be My Home,Home,23/6/23,281,33,Downtown Core,1.28026,103.85344
Small Cozy  Studio Room in Orchard Road (200 sqft),16846533,Abegail,Home,22/11/23,119,20,Orchard,1.29874,103.83863
Studio Apt Orchard/Stevens Area #1,4138944,Catherine,Home,11/8/23,118,48,Tanglin,1.31566,103.82666
Studio Apt Orchard/Stevens Area #3,23070730,Catherine,Home,23/12/23,118,13,Tanglin,1.31583,103.82612
2BR Apt Tanjong Pagar Downtown/CBD #02,15154001,Win,Home,27/7/23,275,105,Downtown Core,1.2755,103.84553
Central 2 BR Apt above MRT in Chinatown #46 (Â∏ÇÂå∫ÂÖ¨ÂØì),21236579,Win,Home,10/8/23,275,12,Outram,1.27982,103.84094
Beautiful 2BR unit above MRT in Downtown #3 (Â∏ÇÂå∫ÂÖ¨ÂØì),21430677,Mich,Home,12/8/23,275,26,Outram,1.28019,103.84006
"Spacious 2BR in Downtown CBD, up to 7 guests",23423657,Sam,Home,13/8/23,410,113,Downtown Core,1.27815,103.84747
Charming Studio @ River Valley,16232554,Alex,Home,23/12/23,115,23,River Valley,1.29482,103.84014
Ann Siang Hill Skylight Studio,23277415,Heritage Apartments,Home,10/7/23,115,23,Outram,1.28147,103.8463
3 Bedroom Apartment Near Dhaut Ghaut SL,27470571,Aaron,Home,28/11/23,268,27,Rochor,1.30116,103.84742
Ben's Boring Apartment,12364366,Ben,Home,4/8/23,399,69,Newton,1.30259,103.83927
3BR+3BA MODERN APT IN CENTRAL OF ORCHARD 313,29861630,Lucy,Not Home,10/8/23,399,16,River Valley,1.29856,103.83496
4BR+3BA  7 Min Walk to somerset 313 cozy apartment,28948302,Lucy,Not Home,11/8/23,399,26,River Valley,1.29749,103.83474
3BR high floor luxury apartment  near CBD1 minMRT,33506058,Z,Home,23/9/23,399,20,Downtown Core,1.27501,103.84558
Chinatown Brand New Studio Premium Apartment,29579499,Heritage Apartments,Home,11/8/23,156,16,Outram,1.28153,103.84684
Brand New 2 bedroom 270 Degree Seaview Marina Bay,4399550,Bryan,Home,13/8/23,387,148,Downtown Core,1.27522,103.84696
Huge-3BR Apt in Chinatown Only 1 min walk to MRT,20509769,Michael,Home,12/8/23,381,81,Outram,1.28626,103.8429
Superb 3-storey floor Villa FOR Large Grp!!!,22781231,Michael,Home,3/2/23,381,50,Novena,1.31811,103.84271
"Downtown Modern 2BR next to MRT, CBD City Views",34564956,Sam,Home,24/5/23,381,23,Downtown Core,1.27523,103.84536
Central area Marina Bay view 2BREntireÊï¥Â•óÊª®Êµ∑ÊπæÊôØÈ´òÂ±Ç2Êàø2Âç´,30233920,Lily,Home,23/11/23,378,30,Singapore River,1.28778,103.84681
"CBD 3BR Sea view, Restaurant &1 mins MRTÈáëËûçÂå∫Êµ∑ÊôØ‰∏âÊàøÂú∞ÈìÅ‰∏ä",31486547,Hanna,Home,2/1/23,378,26,Downtown Core,1.27836,103.84569
CBD 3BR 1MinMRT high F ocean viewÈáëËûç‰∏≠ÂøÉÈ´òÊ•ºÂ±ÇÊµ∑ÊôØ3Êàø‰∏âÂç´,27675139,Hanna,Home,2/1/23,378,13,Downtown Core,1.2785,103.85215
Fully Serviced Luxury Suite at City Fringe C01,20000821,Simon,Home,21/7/23,251,12,Novena,1.32333,103.85381
Pool View Room near Clark Quay & Orchard,23220212,Belle,Not Home,11/8/23,94,26,River Valley,1.29303,103.8361
City views central location 2BR CBD Chinatown,2122339,Alex,Home,1/8/23,250,163,Outram,1.28153,103.84808
Central 1BR Suite above MRT in Chinatown (#64),5236432,Win,Home,23/2/23,250,41,Outram,1.27962,103.83986
Central Master bedroom in Orchard/River Valley,7538532,Nellie,Not Home,5/8/23,75,13,River Valley,1.29795,103.83012
‚ùÄ‚ùÄ2BR Nice homey unit city fringe (BL2),13265702,Alvin,Home,21/8/23,250,23,Novena,1.32414,103.8527
Tanjong Pagar Pristine Studio Apartment,23759060,Heritage Apartments,Home,13/8/23,150,11,Outram,1.27764,103.84373
‚òÖCENTRAL‚òÖWALK EVERYWHERE‚òÖNEAR 6 METROS‚òÖQUIET,12995321,Yan,Home,16/7/23,185,239,Newton,1.29971,103.84421
2BR Condo near Orchard Road for a happy family,23057381,Jg,Home,26/7/23,185,45,Tanglin,1.29627,103.82928
AN ORCHARD METROPOLIS-master bedroom,32312651,SugarKenn,Not Home,13/2/23,181,15,Newton,1.31572,103.83458
Luxury 2 BR Home above MRT in Chinatown #16 (Â∏ÇÂå∫ÂÖ¨ÂØì),16460492,Mich,Home,12/8/23,240,52,Outram,1.27965,103.8404
Clarke Quay Comfy & Modern Studio Apartment,23928230,Heritage Apartments,Home,30/11/23,144,30,Singapore River,1.28864,103.84827
Charming apt in River Valley,6034462,Alex,Home,16/8/23,119,56,River Valley,1.29467,103.83839
Charming Studio at River Valley,7723123,Alex,Home,28/7/23,119,40,River Valley,1.29667,103.83883
Cozy Studio at River Valley,7811239,Alex,Home,1/1/23,119,38,River Valley,1.29506,103.83996
Small Cozy Studio In Somerset Orchard (250 sqft),16744167,Abegail,Home,12/8/23,119,16,River Valley,1.29896,103.8371
Comfortable Small Studio in Orchard (200 sqft),16848828,Abegail,Home,11/8/23,119,12,River Valley,1.29774,103.83639
Cozy Apt Near Orchrd/Botanic Garden,3844690,Mara,Home,27/6/23,237,61,Tanglin,1.32045,103.82116
‚ù§230¬∫ Marina Bay View 2B2B  Downtown MRT ÈáëËééÊôØËøëÂú∞ÈìÅ!,29836238,Nathan,Home,30/5/23,350,22,Downtown Core,1.28105,103.85168
Studio unit in Chinatown opp MRT,6271100,Alex,Home,23/2/23,115,25,Outram,1.28368,103.84563
Cozy Studio opposite Chinatown MRT,14740975,Alex,Home,7/8/23,115,53,Outram,1.28394,103.8442
Cosy 2BR home near Orchard,29123541,Mandelyn,Not Home,23/7/23,169,15,Novena,1.32602,103.84621
Cozy Small Studio Apartment Off Orchard (200 sqft),16743909,Abegail,Home,3/1/23,112,23,River Valley,1.29752,103.83843
Clarke Quay Riverfront,2387238,Ling,Home,22/7/23,219,11,Singapore River,1.28968,103.84632
MARINA BAY / LAU PA SAT / SEAVIEW / LUXURY 2 BEDRM,14161622,Mily,Home,30/6/23,219,70,Downtown Core,1.27858,103.84891
CENTRAL / LAU PA SAT / MRT 2BEDRM,16443023,Mily,Home,13/8/23,219,84,Downtown Core,1.28044,103.84864
Cozy apartment in River Valley,5609097,Alex,Home,6/8/23,131,27,River Valley,1.29473,103.83885
Spacious Loft Apartment (Opposite Chinatown MRT),15087980,Shirley,Home,12/8/23,131,20,Outram,1.28381,103.84429
Ben's Naughty Tiger,9723911,Ben,Home,2/8/23,319,93,Orchard,1.30364,103.83507
2br Urban Orchard  next MRT,12365064,Ben,Home,28/7/23,319,23,River Valley,1.3035,103.83091
Ben's Lucky Lad,26223347,Ben,Home,29/7/23,319,29,Orchard,1.30441,103.83354
BRAND NEW 2br Orchard Modern Luxury Next to MRT,23516846,Ben,Home,16/11/23,318,79,Orchard,1.30525,103.83345
"Charming, light-filled city centre townhouse",25223527,Vee,Home,27/8/23,156,23,Novena,1.31244,103.84226
Bright & Beautiful 2 Bedroom Apt above MRT #34,13266699,Win,Home,22/8/23,208,48,Outram,1.28161,103.83985
2 Bedroom condo @ KimKeat for medical,8560712,Apollo,Home,7/8/23,200,84,Novena,1.32421,103.85337
2 bedroom condo for rent,14737793,Apollo,Home,7/8/23,200,14,Novena,1.32676,103.84691
"10min walk to Orchard Rd, Modern 2-bedroom #279",21266350,Marshall,Home,6/8/23,200,63,Rochor,1.30136,103.84967
Warmth 1 Bedroom @ Clubhouse Residences (4 pax),26854105,Jimmy,Home,28/7/23,200,12,Outram,1.28306,103.84547
"Marina Bay Sands view, 2 bed room apartment",28397036,Chloe,Home,4/8/23,200,51,Singapore River,1.28884,103.84901
Artistically restored Shophouse Room in Chinatown,29020376,Ann Siang,Not Home,22/6/23,200,11,Outram,1.28109,103.84631
BEST SERVICE APT 1 BEDROOM 3 MIN NOVENA CITY MRT,30258463,John,Home,14/7/23,150,11,Novena,1.31858,103.84607
Spacious 1BR with ocean view in premium condo,23591323,Alexander,Home,25/8/23,200,12,Downtown Core,1.27463,103.84528
10 reason to stay- 2 bedroom condo,23065480,Apollo,Home,13/8/23,200,13,Novena,1.32374,103.85358
Cozy and New Loft condo near NOVENA mrt,27970365,Sunny&Lucy,Home,10/8/23,299,42,Novena,1.32456,103.84874
1min mrt downtownCBD2BR high flr 1ÂàÜÈíüÁõ¥ËææÂú∞ÈìÅ Â∏Ç‰∏≠ÂøÉÈ´òÊ•º8pax,30578891,Stone,Home,3/8/23,299,21,Downtown Core,1.27534,103.8442
lovely 2 bed room downtown condo,33644981,Mandelyn,Home,24/7/23,199,11,Novena,1.32293,103.85178
Cozy Studio in Chinatown,14723255,Alex,Home,29/7/23,119,16,Outram,1.28376,103.84445
Chinatown Chic & Cozy Studio Single,15792137,Heritage Apartments,Home,13/8/23,85,58,Outram,1.28378,103.84476
Cozy apartment tucked in River Valley,16850703,Alex,Home,12/8/23,119,33,River Valley,1.29587,103.84041
2br Business Class Next to MRT,27723232,Ben,Home,20/8/23,289,28,Downtown Core,1.27455,103.84541
Spacious & Bright Shophouse Apartment 3 min to MRT,28264364,Jiayi,Home,23/5/23,144,14,Rochor,1.30239,103.84935
"BUGIS area 2Br Apt Rochor MRT(1min) shopping, food",4535456,Cozy,Home,4/6/23,287,152,Rochor,1.30211,103.85189
Awesome city view loft apt in Clarke QuayÊë©Â§©ËΩÆÈáëÊ≤ôÂÆåÁæéÂ§úÊôØ,29114876,Char,Home,29/7/23,287,27,Singapore River,1.28652,103.84744
Maison Ava601,11235028,Anthony,Home,23/5/23,190,50,Novena,1.32302,103.8531
1BR Suite in Chinatown/CBD above MRT (#65),16407773,Mich,Home,26/6/23,190,85,Outram,1.28146,103.84875
Fantastic Studio @ ClubResidences (Chinatown Area),25200482,Jimmy,Home,31/3/23,190,15,Outram,1.28294,103.84549
2br Orchard Rd view Next to MRT,4802295,Ben,Home,10/4/23,281,21,Newton,1.30479,103.83518
‚òÖSuperb Location @ Bugis City Central Áî®ÂøÉÁöÑÊ∞ëÂÆø‚òÖ,27675580,Regina & Co.,Home,23/1/23,281,56,Rochor,1.30108,103.85195
"Warm like home, Cosy Apartment close to town!!",29307578,Sunny&Lucy,Home,15/9/23,276,30,Novena,1.3264,103.84342
Studio near to the City (Opposite Chinatown MRT),5899156,Shirley,Home,7/8/23,110,34,Outram,1.28407,103.84385
Brisky Studio near Marina Bay,25980558,Amelia,Home,4/3/23,181,12,Outram,1.2822,103.84629
Entice Studio Nearby Chinatown (4 Pax),23785585,Jimmy,Home,8/11/23,181,13,Outram,1.28301,103.84679
Urban City Hab.,27078323,Amelia,Home,7/8/23,181,29,Outram,1.28352,103.84501
Premium livin in marina bay finance,6978031,Jas,Home,11/7/23,268,22,Downtown Core,1.27946,103.85592
CBD/F1 Marina bay finance apartment,8022978,Jas,Home,30/7/23,268,39,Downtown Core,1.28103,103.85279
Spacious 1BR walk to Orchard/Bugis/LASALLE,25878538,Squirrel Homes,Home,1/8/23,178,28,Rochor,1.30326,103.84673
spacious and luxury 2BR near novena,28732398,Li,Home,29/6/23,178,67,Novena,1.32463,103.85207
Charming APT in the HEART of CBD. Unbeatable LOC,32641495,Stephen,Home,28/1/23,265,22,Singapore River,1.28704,103.84824
Attic Hideaway in Heart of the City,23704585,Amelia,Home,5/8/23,175,27,Outram,1.2818,103.84501
Ann Siang Hill Dapper Apartment for 4pax,25591123,Amelia,Home,3/8/23,175,31,Outram,1.28191,103.84708
Spacious loft Apartment (Opposite Chinatown MRT),6239573,Shirley,Home,12/8/23,131,23,Outram,1.28362,103.84509
Lovely Bedroom w own Toilet - Singapore,1485239,James,Not Home,1/1/23,104,51,Tanglin,1.30768,103.82017
4BR 1600sft Duplex @ NS20 Central Áî®ÂøÉÁöÑÊ∞ëÂÆø,20812149,Regina & Co.,Home,4/8/23,260,93,Novena,1.32103,103.84115
Cozy 2Bedroom apartment close to MRT,32968093,Sharon,Home,23/6/23,260,12,Rochor,1.30909,103.85185
BUGIS.ORCHD 1Min MRT Condo/Pool/Games Walk Evrwhr,15159420,Sara,Home,21/11/23,258,138,Rochor,1.30295,103.85208
City area 2 bed room apartment,28376148,Cozy,Home,12/8/23,258,28,Novena,1.32644,103.8489
2br Chic Raffles next to MRT,29042315,Daniel,Home,23/2/23,258,23,Outram,1.2815,103.84896
2br Raffles City  next to MRT,29450842,Daniel,Home,12/10/23,258,36,Downtown Core,1.27993,103.84882
"CBD 2BR Swimming pool, Gym Â∏Ç‰∏≠ÂøÉ‰∏§Êàø",30579935,Amy,Home,10/8/23,258,34,Downtown Core,1.29901,103.85644
Beautiful apartment right above MRT in Chinatown!,28359844,Kelvin,Home,30/6/23,258,67,Outram,1.2814,103.83933
Cozy 2BR Deluxe apartment at Orchard Road,33499796,Jo,Home,2/8/23,169,11,Tanglin,1.3098,103.82543
Walk up apt at Sophia Road,8264110,Alex,Home,24/8/23,100,16,Rochor,1.30387,103.84695
Ben's Concrete Jungle,30023441,Ben,Home,1/1/23,250,16,Downtown Core,1.28059,103.84938
Novena 2BR 6pax 5min to MRT/5min ride to Orchard,23622570,Kenny,Home,28/2/23,250,22,Novena,1.31732,103.84082
Luxury Duplex Corner Unit with Ocean View @ CBD,30805348,Kaye,Home,27/5/23,250,11,Downtown Core,1.2754,103.84358
The Chronicles of Ben,5645349,Ben,Home,5/2/23,249,25,Newton,1.30527,103.83424
Entire 2br In Bugis - 1min MRT/Walk Everywher,3925851,Sara,Home,24/12/23,244,77,Rochor,1.30176,103.85217
Not Home Novena (2 Stops to Orchard),2673027,Matt,Not Home,20/11/23,81,43,Novena,1.31626,103.84444
Luxury room around Marina Bay and infinity pool,29454230,Jing,Not Home,6/2/23,481,12,Downtown Core,1.28346,103.8578
Upscale Studio @ Emerald Hill 5,5235612,Bc,Home,2/3/23,160,76,Newton,1.30634,103.84011
1 Bedroom Loft Ultra-Luxury Suite 6 Somerset MRT,11612771,Bc,Home,21/8/23,160,87,Newton,1.30542,103.8389
Excellent Central CBD Location and Great City View,21403392,Ay,Home,23/8/23,240,116,Downtown Core,1.27677,103.84651
Cozy Studio in River Valley,7614627,Alex,Home,21/8/23,119,57,River Valley,1.29611,103.84064
Lovely New 1Br & Hall @ MRT Novena Newton Orchard,25328461,John,Home,12/8/23,119,47,Novena,1.3164,103.84213
Beautiful unit at The Sail@Marina,5787221,Ploy,Home,7/2/23,237,16,Downtown Core,1.28209,103.85191
The Heritage Place,20004744,Mag,Home,7/8/23,158,35,Outram,1.28031,103.83971
Best place near novena mrt 2Bedroom,29063078,Li,Home,6/10/23,158,11,Novena,1.32207,103.84228
Luxury studio @ Bugis MRT & Arab St,33812529,Squirrel Homes,Home,12/8/23,158,12,Downtown Core,1.30036,103.85771
Chinatown Warm & Modern Studio Apartment,15792808,Heritage Apartments,Home,7/12/23,94,67,Outram,1.28148,103.84682
Fantastic Location 2 Bedroom 2 Bathroom Apartment!,30969285,Tanya,Home,6/7/23,235,32,Rochor,1.30077,103.85132
Serviced Luxury Compact Suite at City Fringe A01,23615310,Simon,Home,2/9/23,156,36,Novena,1.32279,103.85368
Serviced Luxury Suite at City Fringe A02,23650923,Simon,Not Home,13/8/23,156,15,Novena,1.32467,103.85258
Studio in the heart of Chinatown,6906010,Alex,Home,29/5/23,115,44,Outram,1.28343,103.84512
Studio apt opp Chinatown MRT,15722934,Alex,Home,12/7/23,115,41,Outram,1.28351,103.84418
CBD City View Room near Clark Quay & Orchard,23956150,Belle,Not Home,25/4/23,115,40,River Valley,1.29303,103.83687
Cosy 1 bedroom near orchard,8823446,Cj,Home,22/6/23,151,14,Tanglin,1.29417,103.82827
Nicely furnish 1 bedroom Walk Up Apt (Sophia Rd),5750637,Shirley,Home,28/6/23,90,23,Rochor,1.30258,103.84811
Smart Studio near CBD,26964529,Amelia,Home,10/8/23,150,34,Outram,1.28367,103.84527
Hippie Studio at Town,26309079,Amelia,Home,12/5/23,150,40,Outram,1.28191,103.84665
"Light filled maisonette apartment, 3 mins from MRT",25759552,Jiayi,Home,5/8/23,150,31,Rochor,1.31102,103.85338
‚ùÄ‚ùÄ2BR CosyPrivate beside shopping mall,4432379,Alvin,Home,12/2/23,149,28,Novena,1.32546,103.8519
Studio Apartment (Opposite Chinatown MRT),6300043,Shirley,Home,20/8/23,110,44,Outram,1.28342,103.84553
Studio unit in River Valley,14557631,Alex,Home,8/8/23,110,69,River Valley,1.29461,103.83991
2 Bedroom Apt@ Orchard/Central Area,3423511,Rc,Home,15/8/23,219,154,River Valley,1.29499,103.83852
MODERN STUDIO APT ALONG ORCHARD RD,6100964,Liz,Home,6/8/23,219,123,Orchard,1.30067,103.8392
Central Haven,4108082,Callie & Kel,Home,4/8/23,218,289,Tanglin,1.29312,103.82979
Lucky Apartment,9927723,Harry Dzung,Home,21/7/23,210,169,Orchard,1.30368,103.83469
1br Cozy Somerset  Next to MRT,32058632,Ben,Home,9/8/23,210,12,Orchard,1.30172,103.83955
1br Central Orchard Next to MRT,23804237,Ben,Home,20/8/23,210,35,Newton,1.30203,103.83936
Your condo flat @ Orchard,9985237,Karma,Home,25/7/23,141,28,River Valley,1.29805,103.83698
Modern apartment near Orchard/CBD,10916250,Jacelyn,Home,29/7/23,141,23,Tanglin,1.29446,103.82572
CBD Luxury bedroom in condo in Marina Bay!,12257654,Marina,Not Home,23/8/23,141,26,Downtown Core,1.2806,103.85465
Space Studio @ Chinatown & Business District,26931333,Amelia,Home,1/7/23,137,29,Outram,1.28289,103.84523
Orchard Studio w Awesome Kitchen Emerald Hill Rd#8,8372023,Bc,Home,12/8/23,135,71,Newton,1.30543,103.8403
Upscale Studio Emerald Hill 3,8372113,Bc,Home,8/8/23,135,69,Newton,1.30488,103.84002
Classic 1BR apartment located in Orchard,33429823,Jo,Home,13/8/23,135,39,Tanglin,1.31071,103.82708
NOVENA CONDO (1+1) NEXT TO MEDICAL HUB,12035349,Alfred,Home,6/8/23,100,35,Novena,1.32005,103.84533
Huge central condo city harbour views Downtown CDB,16385749,Alex,Home,2/8/23,400,235,Downtown Core,1.27675,103.84515
*PROMO* ‚ô¶ Spacious Room in the Heart of Orchard ‚ô¶,28423802,Mandarin Orchard Singapore,Not Home,9/8/23,400,22,Orchard,1.3026,103.83728
"Bright & Charming 1BR Shophouse Apt, 3mins to MRT",23831239,Jiayi,Home,11/6/23,131,70,Rochor,1.30307,103.85025
"Deluxe 1 Bedroom, Sommerset 7",7570596,Bc,Home,2/8/23,129,65,Newton,1.3055,103.84008
Fully Serviced Luxury Suite At City Fringe B05,20059256,Simon,Home,23/7/23,128,20,Novena,1.32291,103.85248
NEW 2 Bedroom Apt @ City/ Orchard/Somerset Area,30896151,Ong,Home,23/8/23,190,23,River Valley,1.29511,103.83917
Cosy 2 bedrm studio balestier 201 nr Novena,11235360,Anthony,Home,23/7/23,187,33,Novena,1.32335,103.85289
PROMO!! 1B Deluxe apartment perfect for Staycation,23812922,Anna,Home,23/8/23,374,22,Orchard,1.3038,103.8367
PROMO!! 1B Deluxe apartment perfect for Staycation,23813332,Anna,Home,20/3/23,374,13,Orchard,1.30295,103.83615
Whole condo nearby Orchard road,23508635,Yuki,Home,23/8/23,187,36,Rochor,1.30279,103.84704
Central Resort-style Condo-Orchard/Cityhall/Bugis,9239823,Till,Not Home,21/5/23,119,21,Rochor,1.30217,103.84695
"Private 1BR apartment, 3 mins from subway",14603872,Jiayi,Home,25/8/23,119,104,Rochor,1.3108,103.85412
"Private apartment, 3mins from MRT",14655886,Jiawen,Home,22/2/23,119,70,Rochor,1.31089,103.85344
Bright & Airy 1BR private apartment 3mins from MRT,14791235,Jiayi,Home,10/8/23,119,83,Rochor,1.30992,103.85421
Fully Serviced Luxury Suite at City Fringe B03,20040797,Simon,Home,10/8/23,118,25,Novena,1.32507,103.85357
Luxury Serviced Suite At City Fringe B04,20060105,Simon,Home,31/7/23,118,22,Novena,1.32319,103.85231
Comfy 2 Queen Beds Studio Apt@Central/Orchard Area,16401676,Ong,Home,12/8/23,175,67,River Valley,1.29834,103.83997
Nice small room near Orchard road,29766008,Alyna,Not Home,2/8/23,50,23,River Valley,1.29684,103.83842
Penthouse Studio near Mustafa Centre,23259421,Tahmina,Home,9/6/23,114,44,Rochor,1.30938,103.85375
Quality Private Spacious room @ Chinatown MRT,28748380,Regina & Co.,Not Home,6/6/23,85,13,Outram,1.28647,103.84291
NEW Modern 2 Queen Bed Studio Apt @Orchard/Central,16584402,Pat,Home,1/3/23,169,95,River Valley,1.29678,103.83982
1br Bright Novena near to MRT,29603152,Ben,Home,23/6/23,169,23,Novena,1.3174,103.84694
NEW & Cozy 2 Queen Beds Studio @ City/Orchard Area,22300531,L,Home,25/7/23,169,11,River Valley,1.29501,103.83984
Beautiful Central Orchard Rd Lucky Plaza Apartment,28271558,Vicky,Home,20/4/23,331,59,Orchard,1.30557,103.83289
Maison Ava402,11302386,Anthony,Home,14/7/23,110,25,Novena,1.32341,103.85356
Maison Ava302,11380963,Anthony,Home,28/1/23,110,25,Novena,1.3229,103.85364
Cosy 2 QueenBeds Studio Apt @Somerset/Orchard Area,23712132,Rc,Home,27/7/23,165,35,River Valley,1.29664,103.83987
Cozy Shophouse Studio Apartment 3 mins from MRT,23780571,Jiayi,Home,14/7/23,110,50,Rochor,1.30251,103.84918
"10min to Bugis, Orchard Rd, Modern Studio#282",23132022,Marshall,Home,8/8/23,108,29,Rochor,1.30352,103.84794
New Spacious 2 Queen Beds Apt @ CITY Central,11687045,L,Home,14/8/23,160,144,River Valley,1.29612,103.83874
NEW & Spacious 2 queen beds Studio Apt /WIFI@ CITY,23471289,Ong,Home,21/8/23,160,85,River Valley,1.2953,103.83853
2br Luxury Orchard Rd Beside MRT,4828432,Ben,Home,10/7/23,323,13,Orchard,1.30352,103.83483
Central 2BR Downtown Harbour Views CBD Chinatown,33922312,Alex,Home,4/12/23,323,22,Downtown Core,1.27653,103.84633
Maison Ava401,11263684,Anthony,Home,11/8/23,108,21,Novena,1.32322,103.85158
2 Queen-Beds Bedroom Suite @ Somerset/Orchard Area,23629485,Ong,Not Home,29/7/23,158,21,River Valley,1.29776,103.83889
PROMO! Comfy Nest in the Heart of Orchard (Studio),23798438,Anna,Home,11/8/23,303,13,Newton,1.30311,103.83796
PROMO! Comfy Nest in the Heart of Orchard (Studio),23798496,Anna,Home,21/8/23,303,32,Orchard,1.30453,103.83682
Relaxed & Spacious Studio w JACUZZI,3753251,Rc,Home,30/4/23,150,220,River Valley,1.29533,103.83797
Master room next to bencoolen station,10626378,Tryston,Not Home,14/8/23,75,14,Rochor,1.29989,103.85063
Loft studio at Orchard Rd,16044788,Tryston,Not Home,6/5/23,100,12,Newton,1.30518,103.84066
Orchard Rd - Big Master Room,23275135,Tryston,Not Home,21/7/23,100,11,Newton,1.30449,103.83844
Spacious bedroom near city centre with free Wi-Fi,23234502,Esther,Not Home,27/8/23,300,23,Downtown Core,1.27438,103.84429
Spacious bedroom near city centre with free Wi-Fi,23234503,Esther,Not Home,25/5/23,300,16,Outram,1.27551,103.84276
Stunning Duplex - Private pool in Little India,22304236,Emeline,Home,23/8/23,150,16,Rochor,1.31092,103.85328
COMFY STUDIO APT @ ORCHARD/SOMERSET,29662678,Joel,Home,24/5/23,150,36,River Valley,1.29615,103.83777
Orchard Resort-Style Apartment with Doorstep Pool!,29962235,Ken And Rain,Home,12/7/23,300,34,Tanglin,1.29505,103.82647
CUSHY STUDIO APT @ ORCHARD/SOMERSET,33795262,Joel,Home,8/8/23,150,15,River Valley,1.2965,103.83999
Fantasy 2 bed room downtown luxury condo,26733957,Mandelyn,Home,29/7/23,149,43,Novena,1.32112,103.85381
A comfortable home away from home.,14580396,Eugene,Not Home,12/5/23,99,45,Newton,1.30846,103.83933
CitySkylines@Chinatown,31573008,Ong,Not Home,26/8/23,99,23,Outram,1.28325,103.84138
New Comfy 2 Queen Beds Room-Suite @ City Central,32837771,Rc,Not Home,20/9/23,144,13,River Valley,1.29709,103.83904
3 Bed Room Luxury Suite near Ochard RoadnextMRT,29928739,Z,Home,29/7/23,287,54,River Valley,1.29389,103.83754
Nice Apartment/Orchard MRT/Large Group/Cheap,9506967,Jv,Home,29/7/23,281,202,Orchard,1.30418,103.83449
Super Host Apartment,1023986,Martin,Home,25/8/23,140,145,River Valley,1.29349,103.83837
4-Bed Not Home - Steps from Chinatown MRT!,3723223,Royal,Not Home,23/8/23,140,48,Outram,1.28354,103.84331
New & Cosy Studio Apt @ Orchard Area,11520426,Rc,Home,29/5/23,140,39,River Valley,1.29679,103.83979
New Spacious Studio Apt @ Somerset /Orchard Area,15364548,Ong,Home,5/12/23,140,37,River Valley,1.29577,103.83939
2 Queen Beds Room Suite/Wifi@Somerset/Orchard Area,30815841,Rc,Not Home,10/3/23,140,21,River Valley,1.29453,103.83946
NEW Cosy Studio Apt /WIFI @ Central / Orchard Area,15394784,L,Home,22/7/23,139,11,River Valley,1.29684,103.84017
Comfy Studio Apartment at Somerset / Orchard Area,23623960,Rc,Home,11/8/23,139,42,River Valley,1.29832,103.84021
Cozy Studio Apartment w WIFI near Somerset/Orchard,23627294,Pat,Home,1/8/23,139,43,River Valley,1.29744,103.83972
Studio Apt w Balcony /WIFI @ Orchard/Somerset Area,23294968,Rc,Home,13/7/23,139,11,River Valley,1.29417,103.83786
"A - UNIQUE! Lovely, Sunlit Loft @ Town!",30069860,Ada,Home,7/8/23,139,11,Tanglin,1.29484,103.83021
NEW & Cozy Studio APT/WIFI @ Orchard/Somerset Area,22373946,Pat,Home,8/8/23,139,11,River Valley,1.29522,103.8394
Heritage Modern Studio Apt @ Central/Orchard Area,16748453,Rc,Home,29/7/23,137,108,Orchard,1.29892,103.83927
NEW Cosy & Relaxing near Somerset/Orchard Shopping,21257593,Pat,Home,13/8/23,137,23,River Valley,1.29632,103.8376
New & Cosy Studio Apt /WIFI @Orchard /Central Area,11521661,Rc,Home,25/5/23,135,39,River Valley,1.29497,103.83823
Prime CBD club street Heritage Loft S7,12323134,Elise,Home,26/5/23,135,83,Outram,1.28192,103.84399
"Prime CBD Club Street, Heritage S8!",12363888,Elise,Home,29/7/23,135,51,Outram,1.28202,103.8467
City Studio Apartment /WIFI@ Orchard/ Central Area,16332500,Ong,Home,4/7/23,135,22,River Valley,1.29463,103.83995
Rain Forest View Retreat Suite for Women,8156821,Takico,Not Home,4/8/23,89,28,Novena,1.3404,103.82685
"M - UNIQUE! Lovely, Sunlit Loft at Town!",25143657,Mindy,Home,31/7/23,132,34,Tanglin,1.29477,103.82821
Prime CBD Club Street heritage Loft S2,3207234,Elise,Home,8/8/23,131,52,Outram,1.28362,103.84552
Entire home/Studio Apt - Near Somerset/Orchard/CBD,11523055,L,Home,7/8/23,131,16,Orchard,1.29895,103.83824
"Fabulous Fern Room: Central, 5 mins Walk to MRT",21556992,"Jon, Ams & Friends",Not Home,1/8/23,131,31,Rochor,1.30869,103.85607
"Lush Tropical Room, Cultural Quarter 5 mins to MRT",21557075,"Jon, Ams & Friends",Not Home,3/7/23,131,30,Rochor,1.30818,103.85541
Chinatown: In the Heart of the City,9532788,Ong,Not Home,3/10/23,87,235,Outram,1.28329,103.84251
CityLiving Chinatown,9746208,Ong,Not Home,6/8/23,87,141,Outram,1.28294,103.84387
New Studio Apt @ Orchard/ Central Area...,2612906,Rc,Home,2/7/23,128,70,River Valley,1.29773,103.83919
Great Location Cozy Studio Apt /WIFI@ Orchard Area,16565237,Ong,Home,23/5/23,128,78,Orchard,1.29999,103.83991
Orchard Ensuite room,23882384,Tryston,Not Home,26/7/23,85,15,Orchard,1.30172,103.83815
New Studio Apt @Orchard/Central,3116909,Rc,Home,23/8/23,125,93,River Valley,1.29792,103.83781
2BR Apt near Orchard Rd/Bugis (1min to Rochor MRT),7039222,Cheryl,Home,24/8/23,250,238,Rochor,1.3026,103.85195
"Metropolitan living-2stop 2Orchard, MBS/RWS 15mins",33436577,Bert,Home,23/8/23,125,12,Tanglin,1.29572,103.82672
"Spacious central views CBD, Downtown and Harbour",35973548,Alex,Home,21/8/23,250,11,Downtown Core,1.2763,103.84528
Singapore Apartment (P2),28467645,Lucy,Home,5/8/23,239,27,River Valley,1.29448,103.83753
3BR Newton/Novena MRT/Bus 3-5min to Orchard 9+ pax,25716782,Kenny,Home,27/7/23,239,44,Novena,1.31717,103.84323
2Bed Room Luxury Suite near Ochard RoadnextMRT,33823127,Z,Home,4/8/23,239,20,River Valley,1.29524,103.83787
"M - NEW! Sunny & Modern Apt , Four mins to Orchard",25086316,Mindy,Home,20/7/23,119,34,Tanglin,1.29467,103.83019
"10 min walk to Orchard Rd,Modern Studio#280",21266790,Marshall,Home,23/8/23,78,49,Rochor,1.30135,103.84823
Daycation Studio Nearby Velocity,30523084,Jimmy,Home,22/8/23,78,23,Novena,1.31912,103.8486
Staycation Studio Nearby Novena MRT Station,30523482,Jimmy,Home,23/8/23,78,15,Novena,1.31911,103.84757
nCentralised 3BRs near Orchard RdËøëÂú∞ÈìÅÂ∏Ç‰∏≠ÂøÉÂ•ΩÊàø@near MRT,23883109,Chris,Home,2/6/23,239,30,Novena,1.31815,103.84191
"nCity Apt with 3BRs near Orchard RdÈù†Ëøë‰πåËäÇË∑ØÂ∏Ç‰∏≠ÂøÉ,Âú∞ÈìÅ@MRT",28574569,Chris,Home,30/6/23,239,14,Novena,1.31792,103.84233
S7 @ City Central,5376232,Studios,Home,3/8/23,119,230,Rochor,1.30376,103.85471
Charming Trees Room ¬∑ Heritage Zone 5mins to MRT,21555786,"Jon, Ams & Friends",Not Home,6/7/23,119,37,Rochor,1.30784,103.85741
Special promo: Spacious room on Orchard Road,22679150,Gretchen,Not Home,2/7/23,79,11,River Valley,1.30303,103.82661
NEW Compact Studio Apt/WIFI @Orchard/Somerset Area,29210089,Rc,Home,8/7/23,118,22,River Valley,1.29747,103.8393
S2 @ City Central,5355795,Studios,Home,2/8/23,115,238,Rochor,1.30402,103.85423
S6 @ City Central,5376230,Studios,Home,20/8/23,115,238,Rochor,1.30543,103.85647
Compact Studio Apt / WIFI @ Orchard/Somerset Area,25236090,Ong,Home,6/8/23,115,28,River Valley,1.29437,103.84026
CHIC LARGE ROOM IN THE HEART OF SINGAPORE!,23052376,Mk,Not Home,1/1/23,75,29,Newton,1.31009,103.83928
Maison Ava202,11380721,Anthony,Home,11/8/23,110,35,Novena,1.32318,103.85313
S5 @ City Central,5377342,Studios,Home,5/8/23,106,236,Rochor,1.30386,103.85459
Central Studio Apt /WIFI @ Orchard /Somerset Area,16578060,Ong,Home,11/8/23,106,123,River Valley,1.29661,103.83932
Spacious Rm R1: Bugis/Dhoby/Orchard,10823460,That Green Corner,Not Home,14/7/23,104,121,Rochor,1.30264,103.85127
Our cosy home in Central Singapore,23254294,F & T,Not Home,23/6/23,69,92,Novena,1.31218,103.84303
Black & White Studio 5,7054222,Joey,Not Home,28/7/23,100,226,Rochor,1.30105,103.84786
NEW Cozy Bedroom Suite/ WIFI@Orchard/Somerset Area,23039775,L,Not Home,5/6/23,100,59,River Valley,1.29587,103.83799
NEW Room Suite/Private Bath/Wifi @Somerset/Orchard,21232515,Pat,Not Home,10/8/23,119,34,River Valley,1.29704,103.83766
"Flock Room ¬∑ Central, Walk to MRT & Tourist Sights",21556650,"Jon, Ams & Friends",Not Home,28/4/23,119,60,Rochor,1.30777,103.85527
Forest Room ¬∑ Vibrant Cultural Spot 5 mins to MRT,21612799,"Jon, Ams & Friends",Not Home,21/8/23,119,50,Rochor,1.30757,103.85566
"Sunny Sky Room in Cultural Quarter, 5 mins to MRT",21554434,"Jon, Ams & Friends",Not Home,23/8/23,119,39,Rochor,1.30978,103.85537
Comfy Bedroom En-Suite/WiFi @ Orchard/Central area,15533066,Ong,Not Home,12/8/23,118,76,Orchard,1.29898,103.83789
Cosy Modern Room in Novena Minutes from the City,15002387,Jack,Not Home,13/8/23,78,13,Novena,1.32433,103.84354
Smart penthouse.2 bedroom apartment,23353251,Lucy,Home,27/11/23,231,100,Tanglin,1.2958,103.8285
S1 @ City Central,5377148,Studios,Home,24/8/23,115,153,Rochor,1.30541,103.85508
Cosy En-suite Bedroom Suite @Orchard/ City Area,10225514,Rc,Not Home,8/8/23,115,40,River Valley,1.29579,103.84014
NEW En-Suite BR @ Somerset/Orchard,12313539,Ong,Not Home,7/5/23,115,36,River Valley,1.29502,103.83949
STYLISH ROOM in HEART OF ISLAND!!,23235755,Mk,Not Home,2/5/23,77,105,Newton,1.30968,103.84143
Within a stone's throw from Orchard,4087935,Marty,Not Home,23/8/23,119,13,Novena,1.31718,103.84287
Snuggish Room with Alcove Ceiling,23979977,M Social,Not Home,23/3/23,238,22,River Valley,1.29168,103.83847
Nice and cozzy room without window.,9635232,Ong,Not Home,23/11/23,78,232,Outram,1.28471,103.8436
New En-Suite BR @ Orchard Area/ CBD,11672361,L,Not Home,20/7/23,117,72,River Valley,1.2951,103.83863
Private En-Suite BR /WIFI @ Orchard/Central area,15533093,Ong,Not Home,12/8/23,117,35,River Valley,1.29731,103.83798
NEW Private Cosy Bedroom /WIFI @ City Central,15581232,L,Not Home,14/6/23,117,40,River Valley,1.29592,103.83993
NEW Cosy Private En-Suite Room @Orchard Area/City,15581233,L,Not Home,30/6/23,117,47,River Valley,1.29554,103.83903
Centre of Chinatown.,16309636,Ong,Not Home,15/1/23,117,54,Outram,1.28452,103.84156
Comfy Bedroom En-suite/WIFI @Somerset/Orchard Area,16598021,L,Not Home,23/8/23,117,96,Orchard,1.29943,103.83793
NEW Private Cosy Bedroom /WIFI @ Central/ Orchard,29256550,L,Not Home,29/4/23,117,14,River Valley,1.2971,103.84013
NEW En-suite Bedroom /WIFI near Orchard/Somerset,30898788,L,Not Home,2/9/23,117,23,River Valley,1.29486,103.84006
Cosy 2 Bedrooms Apartment in Center,30034375,Sarah,Home,13/8/23,231,37,Rochor,1.30898,103.85098
Your first home in Singapore,7682374,Ine,Not Home,15/5/23,115,11,Tanglin,1.29325,103.82334
Private Bedroom Suite/ WIFI @ Central/Orchard Area,15547723,Ong,Not Home,3/8/23,115,39,River Valley,1.29889,103.83995
NEW Cosy Room Suite/WIFI @ Orchard/Somerset Area,15581233,L,Not Home,24/8/23,115,80,Orchard,1.29843,103.83836
"Queen Bed wz Private Bathroom, Ladies or Couples",14790116,Gigi S G,Not Home,11/8/23,56,30,Novena,1.32411,103.85093
"Simple room, perfect central location in Chinatown",22351407,Marc,Not Home,28/7/23,56,74,Outram,1.28237,103.84367
"1+1 Hotel Condo,Near Dhoby Ghaut MRT",30282012,Joseph,Home,7/8/23,83,20,Rochor,1.30232,103.84887
New & Compact Bedroom Suite /WIFI @Central/Orchard,30900595,Pat,Not Home,22/8/23,82,12,River Valley,1.29662,103.8386
Spacious Not Home in City fringe Apt Â•óÊàøÊ∞ëÂÆø 202,28813059,Teddy,Not Home,13/8/23,81,23,Novena,1.32214,103.8542
1+1 Hotel Style Condo.  Near Dhoby Ghaut MRT.Â∏Ç‰∏≠ÂøÉÂÖ¨ÂØì,22694427,Joseph,Home,31/7/23,81,55,Rochor,1.3029,103.84792
Private bedroom and bathroom in beautiful condo,30389028,Mair√©ad,Not Home,9/8/23,81,30,Downtown Core,1.27645,103.84845
[Central] Cozy Condo with Instagrammable Sea view,26722597,Li,Home,12/8/23,160,14,Downtown Core,1.27741,103.85069
Luke's,31106977,Wankeun,Not Home,3/8/23,160,11,Newton,1.30545,103.83616
NEW Home in the city! Mins to Novena MRT & Orchard,23958774,Crystal,Home,16/6/23,160,85,Novena,1.31633,103.84537
City Room 2 Beds @ Town_2,16982348,Trisno,Not Home,2/7/23,158,23,Orchard,1.30388,103.83358
@4pax family dormitory,27530446,Heritage,Not Home,3/6/23,158,23,Outram,1.28178,103.84419
City Fringe Cosy Comfy Not Home Â•óÊàøÊ∞ë‰øó 203,28813662,Teddy,Not Home,21/7/23,78,36,Novena,1.32219,103.85242
Master Bedroom in CBD/Heart of City/end Orchard(6),23452331,Justin,Not Home,28/7/23,76,131,Rochor,1.30426,103.85
"CapsulePod (2x Queen Beds, private bathroom)",14305256,Keith,Not Home,27/1/23,150,11,Outram,1.28358,103.84376
Peranakan Style Room Away,16168152,Alice,Not Home,6/8/23,75,70,Newton,1.306,103.84014
City Apartment Rm w/ BathRoom @ Orchard_10,16423299,Julie,Not Home,29/7/23,150,13,Orchard,1.30375,103.83339
M Residence,20950425,Bella,Home,5/8/23,150,47,Rochor,1.31101,103.8536
Family Room For 6 (Free Breakfast),34237086,Seven,Not Home,21/8/23,150,11,Rochor,1.30748,103.85335
STYLISH COSY ROOM NEAR BUGIS,35265440,Lucinda,Not Home,23/7/23,75,23,Downtown Core,1.29867,103.85764
Spacious Bedroom Suite- 2 Queen Bed,10381460,Rc,Not Home,14/5/23,144,150,River Valley,1.29671,103.8404
New Cozy Studio Apt @Orchard Area,2090082,Rc,Home,31/7/23,140,100,River Valley,1.29815,103.83895
1BR Apt5 Little India/Farrer Park MRT 2-3mins Walk,23577623,Meadowland,Home,14/7/23,140,53,Rochor,1.30943,103.85413
Apt2 in Little India/Farrer Park MRT 2-3mins Walk,23666662,Meadowland,Home,22/8/23,140,72,Rochor,1.31071,103.85229
1BR Apt4 Little India/Farrer Park MRT 2-3mins Walk,23901231,Meadowland,Home,10/8/23,140,45,Rochor,1.31095,103.85263
"Studio unit for 4, family are welcomed!",29166022,Lulier,Home,28/7/23,140,13,Outram,1.28364,103.84501
"Stylish and Spacious, Elegant Kinfolk Loft!",12839857,Shu,Home,2/8/23,139,201,Rochor,1.31266,103.85471
Studio unit for 2 in Central! Near Food and MRT!,29165650,Lulier,Home,3/9/23,139,26,Outram,1.28341,103.84499
"A - Private, Cozy Apt, 3 mins to Orchard Road",30053313,Ada,Home,8/8/23,139,11,Tanglin,1.29735,103.82904
Cozy Room @Central Area,982909,Yuan,Not Home,7/8/23,69,222,Novena,1.33334,103.8327
Chic New Cozy Studio Apt @ Orchard,3460343,Rc,Home,12/8/23,137,239,River Valley,1.29783,103.83936
Charming Spacious Studio Apt/WIFI @ Somerset Area,16747836,Rc,Home,21/7/23,137,23,River Valley,1.29549,103.83805
Spacious studio unit for 4 in Central!,29112370,Lulier,Home,12/8/23,137,23,Outram,1.28288,103.84675
Family Room - Jalan Besar,30126894,Tina,Not Home,6/8/23,68,25,Rochor,1.30489,103.8554
"Bright & Airy, Industrial Chic Shophouse!",12805743,Shu,Home,8/8/23,135,234,Rochor,1.31276,103.85452
SPACIOUS CLEAN ROOM WITH 2 SINGLE BEDS NEAR BUGIS,35230729,Lucinda,Not Home,11/8/23,67,23,Downtown Core,1.2968,103.85578
Family room for 4 pax,8212322,Gfourstation,Not Home,10/8/23,131,25,Rochor,1.30573,103.84885
Apt3T Little India/FarrerParkMRT 2-3minWalk,23662873,Meadowland,Home,13/8/23,131,68,Rochor,1.30982,103.85351
Apt5T Little India/FarrerParkMRT 2-3minWalk,23469757,Meadowland,Home,3/6/23,131,57,Rochor,1.30987,103.85417
Deluxe Double Room in City Center,21605333,The Quay,Not Home,1/3/23,131,33,Downtown Core,1.28611,103.84791
5 mins walk from Newton subway,294281,Elizabeth,Not Home,14/8/23,65,125,Newton,1.31125,103.83816
New Heritage Modern 1BR Apt@Orchard,7399093,Rc,Home,20/7/23,128,46,River Valley,1.29484,103.83859
Not Home in a charming heritage appartment,31627432,Laetitia,Not Home,13/8/23,64,23,Novena,1.31672,103.8386
Cozy Studio Centrally Located Near to Mrt,33669231,Bella,Home,6/7/23,125,12,Rochor,1.31009,103.85392
Private bedroom @CBD/end Orchard/Rochor (1),23443232,Justin,Not Home,3/6/23,62,134,Rochor,1.30254,103.84874
Perfect double room@city hall,22778233,Apple,Not Home,30/3/23,62,43,Downtown Core,1.29779,103.85672
"A - Brand-New Charming, Quiet Studio for Two",30048429,Ada,Home,24/8/23,122,14,Tanglin,1.29312,103.83046
5mins from Newton Train Station,369141,Elizabeth,Not Home,24/7/23,60,84,Newton,1.3115,103.83759
5 mins walk from Newton MRT,369145,Elizabeth,Not Home,20/10/23,60,157,Newton,1.31159,103.83805
‚òÖ‚òÖ‚òÖBrilliantCityCtrRoom/Orchard/ClarkeQuay‚òÖ,32537098,Beth,Not Home,23/8/23,60,32,Tanglin,1.29432,103.82978
Superior Double Room in City Center,21428446,The Quay,Not Home,23/7/23,123,29,Singapore River,1.28819,103.84896
Cozy room in Newton,15991345,Elizabeth,Not Home,31/5/23,58,25,Newton,1.31093,103.83939
"Modern Place, Value for Money for 1 or more...",23140847,Shan Bros,Not Home,4/8/23,58,92,Rochor,1.30735,103.85219
Skylight bedroom in CBD & End of Orchard(3) +WIFI,23094235,Diane,Not Home,25/8/23,56,100,Rochor,1.30415,103.85018
City Apartment Rm w/  2 Beds @ Orchard_4,23516282,Julie,Not Home,13/8/23,110,23,Orchard,1.30379,103.8342
luke's master room,31152040,Wankeun,Not Home,8/8/23,110,13,Newton,1.30619,103.83524
"City Centre, Cozy Place for 1 or more..",23284913,Shan Bros,Not Home,27/7/23,54,96,Rochor,1.30883,103.85311
Bugis/Dhoby/Orchard: Spacious Rm R1,22561162,That Green Corner,Not Home,24/7/23,104,23,Rochor,1.3024,103.85073
Bugis/Dhoby/Orchard: Spacious Rm R2,22560212,That Green Corner,Not Home,11/3/23,104,33,Rochor,1.30187,103.85224
Chinatown - Luxury [Mixed] Queen Capsule,29526045,Kay,Not Home,10/6/23,100,21,Outram,1.28199,103.84353
"Not Home for 5 paxes near MRT, shops, eateries",30971262,Paryani,Not Home,27/7/23,100,26,Newton,1.30548,103.84682
Brand new Hotel 2387 Single Room 3 with BreakFast,27036742,Bryan,Not Home,13/8/23,100,11,Outram,1.28189,103.84436
Luxurious En Suite 1 Near Orchard,5493930,Anita & David,Not Home,15/7/23,99,238,Novena,1.3195,103.84791
Bugis/Dhoby/Orchard: Spacious Rm L2,22557532,That Green Corner,Not Home,23/1/23,99,31,Rochor,1.30104,103.85238
Bugis/Dhoby/Orchard: Spacious Rm L1,22534903,That Green Corner,Not Home,23/5/23,99,37,Rochor,1.30057,103.85183
#2 Huge Loft like apt w/DJ studio & amazing views,28266733,Darren,Not Home,12/8/23,99,49,Rochor,1.30075,103.85053
Singapore on your doorstep in bustling Bugis!,32320133,Peter,Not Home,10/6/23,99,23,Downtown Core,1.29769,103.85582
Big aircon rooms ideal upto 3 people to stay in,23368282,Minn Thu,Not Home,20/5/23,49,46,Novena,1.32386,103.85763
Bedroom En-Suite @ Orchard/Central Area....,4139205,Rc,Not Home,22/8/23,94,100,River Valley,1.29671,103.83999
Grand En Suite 2 Near Orchard,5494971,Anita & David,Not Home,23/8/23,94,231,Novena,1.31773,103.84633
CBD/MBS/Orchard/Somerset/Clark quay within mins!,23395154,Goh,Not Home,23/7/23,94,111,River Valley,1.29689,103.8408
Standard Single  - 2mins away from Chinatown MRT,22320005,Kelvin,Not Home,23/6/23,94,50,Outram,1.28329,103.84357
Huge Master Room at Bugis Area,7914388,Vicky,Not Home,8/8/23,90,161,Rochor,1.3009,103.85213
New Bedroom Suite / WIFI @ Central Area,12301230,Rc,Not Home,28/2/23,90,27,River Valley,1.29573,103.83769
NEW Cosy private Bedroom @ Orchard/Somerset Area..,15532644,Rc,Not Home,31/12/23,90,47,River Valley,1.29754,103.83978
City Apartment Rm w/ King Bed+Window @ Orchard_11,15751335,Julie,Not Home,6/8/23,90,23,Newton,1.30473,103.83446
NEW Private EnSuite BedRoom @City/Orchard/Somerset,20743994,Pat,Not Home,13/8/23,90,23,River Valley,1.29815,103.83931
"Suite for 2,attached toilet, can  cook,MRT,in City",28761340,Paryani,Not Home,30/6/23,90,12,Rochor,1.30233,103.84894
Posh En Suite 3 Near Orchard,14232394,Anita & David,Not Home,25/6/23,89,30,Novena,1.31758,103.84761
#1 Huge Loft like apt w/DJ studio & amazing views,23052272,Darren,Not Home,23/7/23,89,88,Rochor,1.30236,103.8501
Pvt Bedroom Suite @ Orchard Central Area.,2146015,Rc,Not Home,28/7/23,87,98,River Valley,1.29488,103.83973
Cosy Bedroom En-Suite@ Orchard area,10084321,L,Not Home,8/7/23,87,46,River Valley,1.2948,103.8388
Orchard River Valley family room,11231423,Wei,Not Home,23/6/23,85,103,River Valley,1.29416,103.83654
ORCHARD FAMILY ROOM 6,6774977,Crystal,Not Home,15/9/23,78,111,River Valley,1.29453,103.83733
Small room near Boon Keng MRT,12658514,Cecilia,Not Home,23/8/23,39,48,Novena,1.32484,103.85537
Project Bugis: Standard Double Loft,5922010,5footway,Not Home,6/3/23,76,39,Rochor,1.30162,103.86022
Project Bugis: Standard Twin Room,5922323,5footway,Not Home,13/8/23,76,23,Rochor,1.30223,103.86083
City Apartment Rm w/ Queen Bed @ Orchard_5,15362541,Julie,Not Home,15/6/23,76,37,Orchard,1.30385,103.83477
CBD Pool Facing Room near Clark Quay & Orchard,31201062,Shan,Not Home,26/1/23,19,14,River Valley,1.29192,103.83889
Cozy and luxurious room close to CBD!,20514799,Sunny,Not Home,1/7/23,75,59,Novena,1.32381,103.84699
"Bedroom Suite for 1,private bathroom in City, MRT!",28761398,Paryani,Not Home,10/8/23,75,23,Rochor,1.30315,103.85086
‚òÖ‚òÖFamilyCityCtrRoom/Orchard/ClarkeQuay‚òÖ‚òÖ,29600350,Damien,Not Home,24/8/23,71,29,Tanglin,1.29463,103.83065
Heritage Shophouse Right in Epicentre of Sights,2357514,Val,Not Home,20/8/23,69,307,Outram,1.28448,103.8436
Gorgeous Suite Mins from the City!,4526966,Jack,Not Home,24/8/23,69,15,Novena,1.3218,103.84266
For Startups & Entrepreneurs - Queen in 23 Bed,15905849,Tribe Theory,Not Home,10/8/23,69,25,Downtown Core,1.27992,103.84483
Massive Room in Chinatown Shophouse,2388042,Val,Not Home,14/8/23,67,23,Outram,1.28409,103.84514
Diva's bed/share room at Bugis -female only,22734583,Jessie,Not Home,26/7/23,33,25,Rochor,1.29839,103.85171
Divas's Place  Female share room at city centre,16863370,Jessie,Not Home,12/8/23,32,11,Rochor,1.30007,103.85154
Êñ∞ÂõΩÈôÖÂ•≥Á•ûËÅöÂ±ÖÂú∞ Divas place@ City centre-Female only,10106290,Jessie,Not Home,16/7/23,31,35,Rochor,1.30024,103.8529
CityCtrPrivateFamilyRoom/Orchard,29599789,Damien,Not Home,25/8/23,62,32,Tanglin,1.29426,103.83074
High floor with fantastic city view,10302153,Daiyhsi,Not Home,5/8/23,60,51,Outram,1.28358,103.84438
1-person Bunk Bed Not Home,3802621,Superb Hostel,Not Home,13/8/23,58,20,Rochor,1.30376,103.85923
Front/Side Entry Premier Space Pod @MET Boat Quay,10001615,Justin,Not Home,13/8/23,56,39,Singapore River,1.28672,103.84831
Diva's Bed/Not Home @citycentre-Female only!,10478373,Jessie,Not Home,26/7/23,28,82,Rochor,1.30044,103.85173
‚òÖ‚òÖCosyCoupleCityCtrRoom/Orchard/ClarkeQuay‚òÖ‚òÖ,29600789,Damien,Not Home,3/6/23,56,34,Tanglin,1.29453,103.82983
The Bliss - Little India,28163613,Sundeep,Not Home,4/8/23,56,25,Rochor,1.30886,103.85305
Ladies-Only Not Home @ Chinatown,1678744,Wink,Not Home,22/7/23,50,134,Outram,1.28425,103.8432
Front/Side Entry Deluxe Space Pod@MET Boat Quay,9910891,Justin,Not Home,5/8/23,50,36,Singapore River,1.2866,103.85051
For Startups & Entrepreneurs - 10 Bed Capsule Dorm,15895531,Tribe Theory,Not Home,11/6/23,50,60,Outram,1.28118,103.84532
Cube Boutique Capsule Hotel,23657915,Cube,Not Home,15/4/23,50,71,Outram,1.28386,103.84229
COZY Not Home IN CENTRAL SINGAPORE (CHINATOWN),21641329,Rati,Not Home,8/8/23,50,63,Outram,1.28579,103.84235
Chinatown - Luxury [Mixed] Single Capsule,29525951,Kay,Not Home,23/9/23,50,14,Outram,1.28354,103.84243
Spacious Master Bed room Near Chinatown MRT,22328496,Vinay,Not Home,10/8/23,44,14,Outram,1.284,103.84201
‚òÖ‚òÖCosy City Centre Room with Single bed/Orchard‚òÖ,29597994,Damien,Not Home,30/7/23,44,40,Tanglin,1.29439,103.83069
Luxury Capsule (Single - Mixed) [Kampong Glam],21415749,Cheryl,Not Home,8/7/23,44,123,Rochor,1.30251,103.8587
Luxury hostel with in-cabin locker - Single mixed,23164690,Adler,Not Home,13/7/23,40,11,Outram,1.28309,103.84457
Brand new cosy hostel@city centre(Single capsule),23549023,Quek,Not Home,21/8/23,40,39,Downtown Core,1.29836,103.85616
Capsule Pod Single Bed in 10 Mix Share Room,14381353,Keith,Not Home,13/8/23,37,37,Outram,1.28353,103.8458
Best location - Chinatown walking street,31237264,Atlantis,Not Home,23/7/23,37,31,Outram,1.28474,103.84352
Trendy Poshtel Capsules,28165463,Atlantis,Not Home,11/8/23,37,23,Outram,1.28381,103.84468
Luxury hostel with in-cabin locker - Single mixed,23164694,Adler,Not Home,20/8/23,35,11,Outram,1.28111,103.84427
Beary's 6 Bed Mixed Dorm (Per Bed),8626676,Beary Best Hostel,Not Home,10/7/23,32,15,Outram,1.28365,103.84637
1-bed in 10-Bed Mix Dormitory..,23165035,Heritage,Not Home,20/6/23,32,23,Outram,1.28164,103.84348
FEMALE DORMS in the heart of Chinatown!,3479446,Royal,Not Home,12/8/23,31,137,Outram,1.28318,103.84335
Dorms... in the heart of Chinatown!,3479493,Royal,Not Home,10/8/23,31,80,Outram,1.28458,103.84298
DORMS... in the heart of Chinatown!,3639516,Royal,Not Home,8/8/23,31,232,Outram,1.28496,103.84318
DORMS... in the heart of Chinatown!,3651408,Royal,Not Home,27/7/23,31,237,Outram,1.28439,103.84308
DORMS - In the heart of Chinatown!,4054698,Royal,Not Home,25/8/23,31,44,Outram,1.28278,103.8445
Capsule Pod Single Bed in 12 Mix Share Room,14496852,Keith,Not Home,15/3/23,31,35,Outram,1.28504,103.84371
Clean Dorms - Steps from Chinatown MRT! (Per Bed),16964231,Royal,Not Home,10/8/23,31,34,Outram,1.28286,103.84467
Female only 4 Bed Dorm,9683612,Gfourstation,Not Home,23/8/23,29,11,Rochor,1.30366,103.85097
6 Bed Mixed Dorm(1),16813372,River City Inn,Not Home,30/7/23,29,26,Singapore River,1.2881,103.84625
9 Bed Female Dorm (4),16831108,River City Inn,Not Home,8/8/23,29,12,Singapore River,1.2871,103.84752
Premium Backpacker 8 Bed Mixed Dorm,8235397,Gfourstation,Not Home,4/8/23,28,115,Rochor,1.30513,103.84969
Beary's 8 Bed Mixed Dorm (Per Bed),8654132,Beary Best Hostel,Not Home,8/6/23,28,34,Outram,1.28285,103.8445
Clean Dorms - Steps from Chinatown MRT! (per bed),16522880,Royal,Not Home,11/8/23,28,16,Outram,1.2847,103.84302
"Capsule C for 1 guest in Dorm, Little India",22586423,Edmund,Not Home,16/5/23,28,21,Rochor,1.30944,103.85219
Single Bed in Mixed Dorm (Free Breakfast),34235543,Seven,Not Home,13/1/23,25,14,Rochor,1.3068,103.85178
10 Bed Mixed Dorm(1) (with windows),16813107,River City Inn,Not Home,22/7/23,23,15,Singapore River,1.28824,103.84652
14 Beds Mixed Dorm(1) (with windows),16812677,River City Inn,Not Home,23/8/23,23,21,Singapore River,1.28725,103.84788
14 Bed Mixed Dorm(2) (with windows),16830539,River City Inn,Not Home,9/6/23,23,20,Singapore River,1.28769,103.84678